partition	remote_block	sectors_512	expected_bytes	actual_bytes	sha256
boot_a	sde13	196608	100663296	100663296	0cd94d5627501f3c65c94542093ad18b1ec6c1c215dc6a7ecab4f941057e8364
boot_b	sde41	196608	100663296	100663296	b8ab71f95a40e2445c8f3413a2b22a3a6766a5e9651186fadaf50d21936004f4
vendor_boot_a	sde24	196608	100663296	100663296	6db6d4d76059a9ef3a6bcc904911aac53a20044224a675014a6396a8f5d9d168
vendor_boot_b	sde52	196608	100663296	100663296	ba64d1638854fe186dd441f3db387527cadf63c931e64e45affe94906d45afa6
dtbo_a	sde17	49152	25165824	25165824	9ee95463abce517d140eae3c5c892c2b38fd1344d6fb0a6e2da2af76a86de6a1
dtbo_b	sde45	49152	25165824	25165824	9ee95463abce517d140eae3c5c892c2b38fd1344d6fb0a6e2da2af76a86de6a1
vbmeta_a	sde16	128	65536	65536	cc0de687c935714a9b6de4bf3492391474e640d2e23f752f6c626f6413b07e22
vbmeta_b	sde44	128	65536	65536	cc0de687c935714a9b6de4bf3492391474e640d2e23f752f6c626f6413b07e22
misc	sda3	2048	1048576	1048576	6c93debe281b2edb75e7733391b65d8a0dd64e349eb9a229a58867a3956f341d
rawdump	sda11	524288	268435456	268435456	a6d72ac7690f53be6ae46ba88506bd97302a093f7108472bd9efc3cefda06484
logdump	sde63	1048576	536870912	536870912	9acca8e8c22201155389f65abbf6bc9723edc7384ead80503839f49dcc56d767
xbl_ramdump_a	sde28	4096	2097152	2097152	48205a6d82d61e1e7d5a1fadf981cd1ecb09b9e62c3b1df85ea85e9d70fa1439
xbl_ramdump_b	sde55	4096	2097152	2097152	48205a6d82d61e1e7d5a1fadf981cd1ecb09b9e62c3b1df85ea85e9d70fa1439
