BAFD3200-311D-11E8-8651-0FB3CACF38FB,Panel_truly_1080p_vid.xml
714A3E09-FCBF-41BE-983D-65C015E0349E,Panel_r66451_60hz_fhd_plus_dsc_cmd_cphy.xml
42857F0A-13F2-4B21-8A23-53D3F714B840,CapsuleRuntimeDxe
9874B60A-6B80-4D76-8EEB-7862C780EC03,Panel_r66451_144hz_fhd_plus_dsc_cmd_cphy.xml
D3F8580C-CCB8-4804-BB03-776E7B542FC2,Panel_secondary_truly_1080p_cmd.xml
9599E50D-172D-403A-859E-3B744465D998,Panel_r66451_120hz_fhd_plus_dsc_cmd_cphy.xml
0A134F0E-075E-40B3-9C63-3B3906804663,UsbInitDxe
5AF77F10-90DF-4E7E-8325-A17EC09D5443,UsbMsdDxe
DDE58710-41CD-4306-DBFB-3FA90BB1D2DD,uefiplat.cfg
B105211B-BBBD-4ADD-A3B0-D1CF4A52154C,PlatformInfoDxeDriver
79E4A61C-ED73-4312-94FE-E3E7563362A9,PrintDxe
49EA041E-6752-42CA-B0B1-7344FE2546B7,ArmTimerDxe
9A00771F-36D4-4DD5-8916-C48ED9B16B86,HALIOMMU
9C1EB71F-DD6C-4ED5-9F6A-5CC0CA789F16,ShmBridgeDxe
8CF9C920-D5E6-4DAC-BEF9-6E6A4EEC7ADD,PILProxyDxe
7A32BD23-F735-4F57-AA1A-447D2FE3BE0D,SPI
E2534A24-1D9A-4A54-AAEC-BE8836D0F45D,FvDxe
44B09226-C2B4-45ED-AA6F-6686DB103978,Panel_r66451_120hz_fhd_plus_dsc_vid.xml
CCCB0C28-4B24-11D5-9A5A-0090273FC14D,GraphicsConsoleDxe
1C04F529-0612-4319-9315-B2E75C16810A,FeatureEnablerDxe
B336F62D-4135-4A55-AE4E-4971BBF0885D,RealTimeClock
5776232E-082D-4B75-9A0E-FE1D13F7A5D9,PmicDxe
F09AD92E-485C-9CDB-3E05-3385C38F94CC,TsensDxe
BC28E12E-C7E0-47F9-BBF9-0B45ED6F4B18,Panel_r66451_144hz_fhd_plus_dsc_vid_cphy.xml
4138022F-06C7-4F79-9C94-7E33B511A4E7,DisplayDxe
0401B830-BFF9-44A2-A5F6-95734A33C017,PwrUtilsDxe
1D317734-4083-47C6-83EA-E3A42F2A6BFF,PILDxe
4BCE7F36-428E-4393-99E3-7E0844404DBA,QcomChargerDxeLA
A25F5839-4D55-428F-8F0B-5CE1D565F53E,VerifiedBootDxe
7DB0793A-4402-4BE1-906E-D0FABAD2707E,DDRInfoDxe
95E7B040-26A2-4511-9ABB-1D95D6DA7082,Panel_truly_wqxga_dual_vid.xml
857A8741-0EEC-43BD-9482-27D14ED47D72,SimpleTextInOutSerial
87273B42-311D-11E8-9324-DFB2DADFC3D1,Panel_truly_1080p_cmd.xml
CDE28842-A59C-46A0-B43B-1E1E49ACEE5A,Panel_secondary_r66451_120hz_fhd_plus_dsc_cmd_cphy.xml
11FAED4C-B21F-4D88-8E48-C4C28A1E50DF,UsbPwrCtrlDxe
CD823A4D-7DEC-4531-AE5D-4134FA4127B8,UsbConfigDxe
637AD94D-7D9B-4D5F-B420-770B65BECDA8,Panel_r66451_60hz_fhd_plus_dsc_vid.xml
8CAE2C55-FC5A-410B-812B-8CA22F572F36,Panel_truly_wqxga_dsc_cmd.xml
8681CC5A-0DF6-441E-B4B8-E915C538F067,DALTLMM
2C56DB5F-4DB8-4CF7-8151-435ABB1959DE,Panel_secondary_r66451_120hz_fhd_plus_dsc_vid.xml
8E9BD160-B184-11DF-94E2-0800200C9A66,DALSys
040E1E61-0AFB-411B-9EC9-00F3FC59CC13,QcomWDogDxe
348C4D62-BFBD-4882-9ECE-C80BB1C4783B,HiiDatabase
F541D663-4A48-40AA-AABF-FF158CCAE34C,SmemDxe
3299A266-15F0-4346-8318-716336736D3E,UsbDeviceDxe
CF6DFC66-14AB-4E13-84DB-9C02912D1404,TzDxeLA
4C6E0267-C77D-410D-8100-1495911A989D,MetronomeDxe
B2F70E67-7F12-4CA9-8E05-70D2A06A720D,Panel_secondary_r66451_120hz_fhd_plus_dsc_cmd.xml
32C71E68-83A8-46ED-AED1-094E71B12057,SecRSADxe
42031F68-1F0B-429B-93F1-0EB0CF89DDBF,IPCCDxe
5D787B6C-6254-43F5-A7A8-CB25329CF97E,SPSSDxe
03E9256F-E621-48D8-8576-7E3B4FCF2D41,PanelSimConfig.csv
8BD3B475-401A-4B0B-9315-EDEE61A1EAE5,VcsDxe
DE371F7C-DEC4-4D21-ADF1-593ABCC15882,ArmGicDxe
45FE4B7C-150C-45DA-A021-4BEB2048EC6F,QcomChargerCfg.cfg
B8D9777E-D72A-451F-9BDB-BAFB52A68415,ArmCpuDxe
D6A2CB7F-6A18-4E2F-B43B-9920A733700A,DxeCore
F099D67F-71AE-4C36-B2A3-DCEB0EB2B7D8,WatchdogTimer
5A50AA81-C3AE-4608-A0E3-41A2E69BAF94,QcomBds
6F2D4884-D8A0-11E9-AF7A-D77B1FE990EC,Panel_nt36860_wqhd_dsc_vid.xml
D7170685-5965-4B44-9305-37CDB199B9BE,Panel_boe_amoled_fhd_dsc_cmd.xml
4A568B8A-4D9D-4984-9C75-CEE33698E451,ParserDxe
1B52138D-3FA3-4E50-B958-20887353F809,CPRDxe
A91D838E-A5FA-4138-825D-455E23030794,logo1.bmp
A91D838E-A5FA-4138-825D-455E2303079E,BDS_Menu.cfg
0D35CD8E-97EA-4F9A-96AF-0F0D89F76567,UFSDxe
B7F50E91-A759-412C-ADE4-DCD03E7F7C28,XhciDxe
04DE8591-D2B3-4077-BBBE-B12070094EB6,I2C
8297C793-9861-422C-9F67-D447AF1EA812,Panel_r66451_120hz_fhd_plus_dsc_cmd.xml
7321F393-1DF3-4A58-9040-DC1EEF15EB35,Panel_nt36672c_fhd_plus_90hz_video_cphy.xml
81CE7295-491D-4E3F-AAA7-AB43FEF2F615,Panel_r66451_60hz_fhd_plus_dsc_cmd.xml
51CCF399-4FDF-4E55-A45B-E123F84D456A,ConPlatformDxe
B0D3689E-11F8-43C6-8ECE-023A29CEC35B,RngDxe
1FA1F39E-FEFF-4AAE-BD7B-38A070A3B609,PartitionDxe
37795BA0-E1CF-4ED5-BD8B-16DF6BCB1E1A,EmbeddedMonotonicCounter
38641CA2-651C-4C64-9F1F-AB3290F4B845,Panel_r6130_1080p_cmd_dphy.xml
AF9763A2-033B-4109-8E17-56A98D380C92,HWIODxeDriver
4DB5DEA6-5302-4D1A-8A82-677A683B0D29,ClockDxe
94F8A6A7-DC34-4101-88C1-99179CCEAE83,UsbfnDwc3Dxe
9FB4B4A7-42C0-4BCD-8540-9BCC6711F83E,UsbMassStorageDxe
E43128A8-8692-42B6-8AFA-676158578D18,ULogDxe
EEE9C2B1-16CA-4F34-87EA-2E6D1E160CC4,QcomChargerApp
6B38F7B4-AD98-40E9-9093-ACA2B5A253C4,DiskIoDxe
CD3BAFB6-50FB-4FE8-8E4E-AB74D2C1A600,EnglishDxe
240612B7-A063-11D4-9A3A-0090273FC14D,UsbBusDxe
3AE17DB7-3CC5-4B89-9304-9549211057EF,ResetRuntimeDxe
8BC595B7-391A-4A9A-8256-5B9983B30392,Panel_sharp_4k_dsc_cmd.xml
88CA5ABF-D0AC-4093-A68C-0CFAE1EF9635,Panel_boe_amoled_wqhd_dsc_cmd.xml
907125C0-A5F1-11E3-A3FE-A3198B49350C,FvSimpleFileSystem
B601F8C4-43B7-4784-95B1-F4226CB40CEE,RuntimeDxe
F4A245C8-940E-4523-A53B-82E3C8BC6970,Panel_r66451_120hz_fhd_plus_dsc_cmd_demura.xml
13AC9DC9-0092-4374-AE1A-06FF35950FD0,Panel_truly_wqxga_dsc_vid.xml
6523A5C9-91CB-45C0-A2DC-25997CF23369,Panel_boe_amoled_wqhd_dsc_vid.xml
5F0937CD-73F9-445E-B320-BB6FD5D3CBDE,UCDxe
19B58ACD-B1F8-4078-B9A5-A33584B680E2,Panel_sharp_4k_dsc_vid.xml
602CFFCD-8A5E-438E-B432-BF1A656A2561,Panel_secondary_r66451_fhd_plus_dsc_cmd.xml
9B680FCE-AD6B-4F3A-B60B-F59899003443,DevicePathDxe
2B0ECDCE-01AE-446E-9FFD-C4217DE0340F,VariableDxe
2D2E62CF-9ECF-43B7-8219-94E7FC713DFE,UsbKbDxe
CB29F4D1-7F37-4692-A416-93E82E219711,NpaDxe
CB29F4D1-7F37-4692-A416-93E82E219766,RpmhDxe
ED15FFD5-BC96-4107-9118-95366600188E,FontDxe
0AE323D6-2EBE-11E8-8349-9BA636A0D80C,Panel_sharp_1080p_cmd.xml
D93CE3D8-A7EB-4730-8C8E-CC466A9ECC3C,RscRtDxe
21E9BDD9-6C3F-4F10-84A5-BBEC322741F1,uefipil.cfg
F10F76DB-42C1-533F-34A8-69BE24653110,SdccDxe
5BD181DB-0487-4F1A-AE73-820E165611B3,ButtonsDxe
A1E235DE-E825-4591-9623-C43175811826,SecParti.cfg
569EA0DE-B557-4043-84CF-01103FE516E5,GpiDxe
5824F9DE-17D2-4B1F-A5FE-5EB77FA53093,ICBDxe
10E193DF-9966-44E7-B17C-59DD831E20FC,ChipInfo
8F276EE4-E75E-4C3B-8BCC-C37771E26478,Panel_nt36860_wqhd_dsc_cmd.xml
0FD1AAE5-D3D1-4CEC-A34D-A76D6A596A6B,Panel_rm692e0_1080p_cmd_dphy.xml
FC510EE7-FFDC-11D4-BD41-0080C73C8881,DXE apriori file
F80697E9-7FD6-4665-8646-88E33EF71DFC,SecurityStubDxe
D192FEE9-6A04-4BE8-ABFE-5534E2B457EC,Panel_secondary_truly_1080p_vid.xml
7942A7EB-B7D5-4E2E-B908-831E4DE55B58,GlinkDxe
408EDCEC-CF6D-477C-A5A8-B4844E3DE281,ConSplitterDxe
BEB12BEE-F6E1-11E1-9FB8-6C626DE4AEB1,XhciPciEmulation
4B4973EE-401B-4F36-A6A9-533DFCCDFC33,ScmDxeLA
6C2004EF-4E0E-4BE4-B14C-340EB4AA5891,SCHandlerRtDxe
2A7B4BEF-80CD-49E1-B473-374BA4D673FC,SPMI
2E3042F3-2BB9-463F-8866-56D75B7C4AB0,ChargerExDxe
C2F9A4F5-F7B4-43E7-BA99-5EA804CC103A,ASN1X509Dxe
84CC57F6-38BE-4ACF-9752-73D1E23F793F,SerialPortDxe
EB0A97F6-39DB-41D4-9B3C-CA3BADC144B4,Panel_truly_wqxga_cmd_splitlink.xml
6D4A9CF7-CC0C-42B0-AA89-F6A6A8D99273,PmicGlinkDxe
ABA01FF8-2CCB-4E12-8B2E-CD3F4A742993,CmdDbDxe
FC6315F9-F8FE-4222-A1E3-226DF55D7592,Panel_truly_wqxga_dual_cmd.xml
90A49AFD-422F-08AE-9611-E788D3804845,EnvDxe
961578FE-B6B7-44C3-AF35-6BC705CD2B1F,Fat
7D5BB5FE-C043-4DA7-9916-91BFAC26A44E,logo2.bmp
